{
"name":"0",
"children":[
	{"name":"1", 
	 "children":[
				{"name":"2"}, 
				{"name": "3", "info":"US",
				 "children":[
				 	{"name": "4"},
				 	{"name": "5"},
				 	{"name": "6"},
				 	{"name": "7"},
				 	{"name": "8"},
				 	{"name": "9"},
				 	{"name": "10"},
				 	{"name": "11"},
				 	{"name": "12"},
				 	{"name": "13"},
				 	{"name": "14"},
				 	{"name": "15"},
				 	{"name": "16"},
				 	{"name": "17"},
				 	{"name": "18"},
				 	{"name": "19"},
				 	{"name": "20"},
				 	{"name": "21"},
				 	{"name": "22"},
				 	{"name": "23"},
				 	{"name": "24"},
				 	{"name": "25"},
				 	{"name": "26"},
				 	{"name": "27"},
				 	{"name": "28"},
				 	{"name": "29"},
				 	{"name": "30"},
				 	{"name": "31"},
				 	{"name": "32"},
				 	{"name": "33"},
				 	{"name": "34"},
				 	{"name": "35"},
				 	{"name": "36"},
				 	{"name": "37"},
				 	{"name": "38"},
				 	{"name": "39"},
				 	{"name": "40"},
				 	{"name": "41"},
				 	{"name": "42"},
				 	{"name": "43"},
				 	{"name": "44"},
				 	{"name": "45"},
				 	{"name": "46"},
				 	{"name": "47"},
				 	{"name": "48"},
				 	{"name": "49"},
				 	{"name": "50"},
				 	{"name": "51"},
				 	{"name": "52"},
				 	{"name": "53"},
				 	{"name": "54"}
				 ]
				}
				]		
	},
	{"name":"56", "info": "Europe",
	 "children":[
	 	{"name":"57"},
	 	{"name":"58"},
	 	{"name":"59"},
	 	{"name":"60"},
	 	{"name":"61"},
	 	{"name":"62"},
	 	{"name":"63"},
	 	{"name":"64"},
	 	{"name":"65"},
	 	{"name":"66"},
	 	{"name":"67"},
	 	{"name":"68"},
	 	{"name":"69"},
	 	{"name":"70"},
	 	{"name":"71"},
	 	{"name":"72"},
	 	{"name":"73"},
	 	{"name":"74"}

	 ]
	},
	{"name":"90", "info":"East Asia",
	 "children":[
	 	{"name": "91"},
	 	{"name": "92"},
	 	{"name": "93"},
	 	{"name": "94"},
	 	{"name": "95"},
	 	{"name": "96"},
	 	{"name": "97"},
	 	{"name": "98"}

	 ]
	},
	{"name":"120", "info":"Africa",
	 "children":[
	 	{"name": "121"},
	 	{"name": "122"},
	 	{"name": "123"}
	 ]
	},
	{"name":"150", "info":"India"},
	{"name":"160", "info":"South America",
	 "children":[
	 	{"name":"161"},
	 	{"name":"162"},
	 	{"name":"163"}
	 ]
	}
	 
											
]}